lat,lon,elev_m,capacity_kwh_per_sol,heating_kwh_per_sol
37.907113220470876,82.24437677083108,-3737.0,634.2028497022042,93.64193686203346
50.5992439461106,38.335056440035196,-3399.0,214.40041962673632,105.95898994823622
74.62082581614655,10.373632305238573,-4709.0,0.0,124.63736223362747
37.860842126232626,353.147650409744,-3884.0,634.593298526235,93.4075061257951
70.695333540995,20.480114534125498,-4555.0,0.0,122.88045577952721
80.26043172128198,38.025124441022776,-4371.0,0.0,128.230047984396
80.35798563156786,48.186492955211264,-4447.0,0.0,128.00417548296187
58.34780092531047,80.57839153111985,-3901.0,5.360995549681606,113.35882748575902
5.277208510898426,257.76069173406717,4534.0,1682.3773544407827,81.2947073491716
22.758170259551402,286.4646782132114,-1321.0,1224.201129469617,85.91295645315701
48.271976770514435,278.51042085241954,592.0,296.1586139578094,108.334620339041
22.384381810388437,233.7137545420435,-97.0,1272.251862084966,86.21363796560485
18.53255659855623,302.01090649788375,-827.0,1388.6702708518958,84.24584204776005
85.12080125974023,264.6826619462397,-3097.0,0.0,133.84860251456612
22.73241476646935,232.70848668168142,-349.0,1251.7272599251323,86.30791175929579
16.351162476330487,302.5654246951164,-957.0,1456.6058442319645,83.40558936349373
51.45188418561456,342.87511524661153,-4773.0,190.9235747076426,104.12789076473707
42.89939794436114,57.70709941958127,-2571.0,466.1604527083764,99.46828693838802
28.621120379499548,63.46302598199941,331.0,1050.8990539576653,89.92274764626556
40.27665116902381,58.19212651876275,-1961.0,563.4136878533006,97.707455459505
37.1238194147385,56.460593242881245,-2467.0,676.0712972613896,94.49421013860352
39.81461726659583,344.93669384372555,-4477.0,563.259764734063,94.0906653000355
60.29940216882856,350.8287987339105,-4927.0,0.0,112.89928817696371
56.72272229634338,73.01058410662091,-3675.0,44.37886148074335,112.05739565210577
84.2000827793172,308.5223936663934,-3869.0,0.0,131.09924109582832
61.648044319880434,316.79802679879185,-4969.0,0.0,114.18045688631507
55.41943295825661,247.49051602340273,-2129.0,73.92543656821545,113.55631245019065
66.50339156321672,297.14635629661814,-5000.0,0.0,118.57799111216502
55.82570207525907,325.11016642801195,-4865.0,71.95708667535783,108.37589611522063
36.135203956854056,278.464083981378,308.0,750.3339525611368,95.65200382790565
36.40638171466485,257.4994155614798,2475.0,776.3513576771733,96.53238658399115
64.9237515808882,277.6403574052045,-3951.0,0.0,120.24465990324587
74.13065112099574,53.306829859374346,-4452.0,0.0,125.22057673269441
84.07284563887117,1.367666296679296,-3948.0,0.0,130.80175767140912
80.91383075287119,13.139344139301707,-3253.0,0.0,132.14037103964822
27.35454121133313,49.58582334520058,-661.0,1075.9692612058368,88.74395221032438
14.118269075969963,43.9706272439316,46.0,1559.943789326535,83.0191220193797
17.21377492698503,27.5835615002375,-705.0,1438.4280348398192,83.79587429999877
51.35081319234776,340.4867338353112,-4977.0,194.4167124896662,103.58113471197332
86.44365498630603,1.4637836401841255,-2933.0,0.0,134.61735679493933
44.64620229124325,209.2034064704425,-3838.0,401.79014922750895,99.31625333235544
86.40908135325228,218.00762664223146,-2731.0,0.0,135.25206866797393
49.88658561823268,224.21967206744665,-2618.0,236.04084722313297,106.49264454999644
86.89211277940552,213.68535860656803,-2704.0,0.0,135.41011953896546
62.591268116497346,225.7949865247137,-3539.0,0.0,118.91083968413535
64.04272281009943,177.78447431241113,-4348.0,0.0,118.31691191872874
49.76647626252457,272.1518015533573,-934.0,241.28972654002564,108.62493178167986
80.09247415105116,204.42287085597155,-4561.0,0.0,127.51813676795314
-55.664634667679,275.64139006733745,1827.0,0.0,124.04555063817621
-8.987278479085543,267.71623891941954,2092.0,1281.7334012128208,83.12075922757676
-35.469726428612056,271.7923700034746,4527.0,542.3926364995299,100.30475344214007
-1.9062845412069436,289.17732302828597,3283.0,1497.496408582353,81.60151020661488
1.153178320976167,286.4133368474138,3389.0,1565.932378590432,81.37360121597239
-71.18826910927851,278.4740944752971,753.0,0.0,137.57445875110366
2.76810749774711,301.99302702073487,850.0,1507.7021897372983,81.41829869088758
0.9033459743046279,301.1916727149426,1450.0,1492.256928052993,81.47633723559859
-70.32992465800643,300.2085274974218,829.0,0.0,137.06987760463934
-86.27656766996554,260.92772486965504,2753.0,0.0,143.36425252108972
-46.745782310426236,316.54286213670383,-3274.0,188.38236784165423,106.30311589493951
-41.854067262172514,343.2257885044183,1525.0,325.8969280973451,106.48964546363752
-51.42783669963116,306.1245202396211,-227.0,78.13588792264147,116.64189940354139
-78.37701806516395,268.4500464842555,1955.0,0.0,141.54286583114666
-83.18931858224641,263.50150238639384,2497.0,0.0,142.9513829664617
-67.25320341528806,302.1380536422739,1208.0,0.0,135.11906497171597
-40.275426880811494,267.15193076480875,8678.0,445.26240150214755,105.64535977961921
-38.0,331.27855540308315,-2727.0,400.47045775521826,98.54325018892449
-37.775426880811494,315.65193076480875,-1247.0,416.11990182929776,100.00771105746229
-39.5,243.27855540308317,6143.0,439.0602807678881,104.89489148391294
17.264573119188505,227.18866127783366,21126.0,2110.0614150591337,78.68738289575681
-38.5,342.27855540308315,117.0,407.5513586545287,101.88050743651281
-37.5,305.27855540308315,502.0,436.6626896150643,101.12769832151564
-35.775426880811494,323.65193076480875,-2361.0,459.7819942870064,97.0102355520477
-20.775426880811494,252.15193076480872,6947.0,1067.99933652268,87.76945547088818
-20.5,299.77855540308315,4759.0,1022.2757644951159,87.98478800881038
-21.775426880811494,320.65193076480875,-1742.0,840.0533545567839,87.4495315303005
-20.775426880811494,237.15193076480872,4319.0,1003.2981930718878,88.2005970135029
-21.275426880811494,267.65193076480875,4111.0,981.6146544434145,88.5289121864473
-21.5,283.77855540308315,2311.0,933.4698235031658,88.66794753828172
44.9545731191885,249.4550981355241,4663.0,447.40475783244636,105.94169034801432
-16.275426880811494,311.15193076480875,-4117.0,939.8732863322031,82.77403207339826
